Name,Math Marks,Physics Marks,Geography Marks,Average,Percentage
corban ,23,23,23,23.0,46.0
zebby,34,34,23,30.333333333333332,60.66666666666667
arnold,45,45,45,45.0,90.0
kenny,45,45,45,45.0,90.0
